"Status","Start Time","Stop Time","Duration in ms","Parent Suite","Suite","Sub Suite","Test Class","Test Method","Name","Description"
"passed","Sun Sep 27 21:30:30 UTC 2026","Sun Sep 27 21:30:31 UTC 2026","1730","Phoenix API Automation Test Suite","Inwarranty Flow Test","com.api.test.DetailsAPITest","com.api.test.DetailsAPITest","detailAPITest","verify if details API is working properly","verify if details API is working properly"
"passed","Sun Sep 27 21:30:23 UTC 2026","Sun Sep 27 21:30:28 UTC 2026","4205","Phoenix API Automation Test Suite","Inwarranty Flow Test","com.api.test.LogInAPITest","com.api.test.LogInAPITest","loginAPITest","Verify user is able to login successfully with the valid credentials","Verify user is able to login successfully with the valid credentials"
"passed","Sun Sep 27 21:30:29 UTC 2026","Sun Sep 27 21:30:29 UTC 2026","534","Phoenix API Automation Test Suite","Inwarranty Flow Test","com.api.test.CountAPITest","com.api.test.CountAPITest","verifyCountAPIPositiveTest","Verify Count Api is giving correct response","Verify Count Api is giving correct response"
"passed","Sun Sep 27 21:30:29 UTC 2026","Sun Sep 27 21:30:30 UTC 2026","525","Phoenix API Automation Test Suite","Inwarranty Flow Test","com.api.test.CountAPITest","com.api.test.CountAPITest","verifyMissingAuth_CountAPITest","Verify Count Api is giving correct status code for invalid token","Verify Count Api is giving correct status code for invalid token"
"failed","Sun Sep 27 21:30:32 UTC 2026","Sun Sep 27 21:30:33 UTC 2026","547","Phoenix API Automation Test Suite","Inwarranty Flow Test","com.api.test.CreateJobAPITest","com.api.test.CreateJobAPITest","createJobAPIOneTest","Verify FD can Create job Api is able to create Inwarranty job","Verify FD can Create job Api is able to create Inwarranty job"
"passed","Sun Sep 27 21:30:32 UTC 2026","Sun Sep 27 21:30:32 UTC 2026","624","Phoenix API Automation Test Suite","Inwarranty Flow Test","com.api.test.MasterAPITest","com.api.test.MasterAPITest","verifyMasterAPITest","Verify Master Api is giving correct response","Verify Master Api is giving correct response"
"failed","Sun Sep 27 21:30:33 UTC 2026","Sun Sep 27 21:30:34 UTC 2026","473","Phoenix API Automation Test Suite","Inwarranty Flow Test","com.api.test.CreateJobAPITest","com.api.test.CreateJobAPITest","createJobAPITest","Verify Create job Api is able to create Inwarranty job","Verify Create job Api is able to create Inwarranty job"
"passed","Sun Sep 27 21:30:31 UTC 2026","Sun Sep 27 21:30:32 UTC 2026","427","Phoenix API Automation Test Suite","Inwarranty Flow Test","com.api.test.MasterAPITest","com.api.test.MasterAPITest","invalidTokenMasterAPITest","Verify Master Api is giving correct status code for invalid token","Verify Master Api is giving correct status code for invalid token"
"passed","Sun Sep 27 21:30:28 UTC 2026","Sun Sep 27 21:30:29 UTC 2026","973","Phoenix API Automation Test Suite","Inwarranty Flow Test","com.api.test.UserDetailsAPITest","com.api.test.UserDetailsAPITest","userDetailsAPITest","Verify if userdetails api response show correctly","Verify if userdetails api response show correctly"
